ARTNUMMER;ARTFAK_OM;ART_PRI_V 
01-001Z-1/4";EE bocht bi/bu (Z=zwart);2,25 
01-001Z-3/8";EE bocht bi/bu;2,70 
01-001Z-1/2";EE bocht bi/bu;2,40 
01-001Z-3/4";EE bocht bi/bu;4,20 
01-001Z-1";EE bocht bi/bu;5,65 
01-001Z-1.1/4";EE bocht bi/bu;10,05 
01-001Z-1.1/2";EE bocht bi/bu;12,95 
01-001Z-2";EE bocht bi/bu;21,45 
01-001Z-2.1/2";EE bocht bi/bu;46,75 
01-001Z-3";EE bocht bi/bu;60,55 
01-001Z-4";EE bocht bi/bu;109,85 
01-002Z-1/4";EE bocht bi/bi;2,45 
01-002Z-3/8";EE bocht bi/bi;2,60 
01-002Z-1/2";EE bocht bi/bi;2,80 
01-002Z-3/4";EE bocht bi/bi;4,30 
01-002Z-1";EE bocht bi/bi;5,65 
01-002Z-1.1/4";EE bocht bi/bi;10,05 
01-002Z-1.1/2";EE bocht bi/bi;12,45 
01-002Z-2";EE bocht bi/bi;17,15 
01-002Z-2.1/2";EE bocht bi/bi;47,50 
01-002Z-3";EE bocht bi/bi;59,70 
01-002Z-4";EE bocht bi/bi;113,10 
01-003Z-1/2";EE bocht bu/bu;4,20 
01-003Z-3/4";EE bocht bu/bu;4,70 
01-003Z-1";EE bocht bu/bu;6,80 
01-040Z-1/4";EE bocht 45gr. bi/bu;3,40 
01-040Z-3/8";EE bocht 45gr. bi/bu;3,00 
01-040Z-1/2";EE bocht 45gr. bi/bu;2,80 
01-040Z-3/4";EE bocht 45gr. bi/bu;3,70 
01-040Z-1";EE bocht 45gr. bi/bu;5,30 
01-040Z-1.1/4";EE bocht 45gr. bi/bu;9,15 
01-040Z-1.1/2";EE bocht 45gr. bi/bu;11,00 
01-040Z-2";EE bocht 45gr. bi/bu;17,25 
01-040Z-2.1/2";EE bocht 45gr. bi/bu;37,70 
01-040Z-3";EE bocht 45gr. bi/bu;41,10 
01-040Z-4";EE bocht 45gr. bi/bu;92,81 
01-041Z-3/8";EE bocht 45gr. bi/bi;3,50 
01-041Z-1/2";EE bocht 45gr. bi/bi;3,40 
01-041Z-3/4";EE bocht 45gr. bi/bi;4,15 
01-041Z-1";EE bocht 45gr. bi/bi;5,35 
01-041Z-1.1/4";EE bocht 45gr. bi/bi;9,50 
01-041Z-1.1/2";EE bocht 45gr. bi/bi;12,45 
01-041Z-2";EE bocht 45gr. bi/bi;17,60 
01-041Z-2.1/2";EE bocht 45gr. bi/bi;34,65 
01-041Z-3";EE bocht 45gr. bi/bi;44,10 
01-090Z-1/8";knie bi/bi;5,45 
01-090Z-1/4";EE knie bi/bi;1,50 
01-090Z-3/8";EE knie bi/bi;1,20 
01-090Z-1/2";EE knie bi/bi;0,80 
01-090Z-3/4";EE knie bi/bi;1,30 
01-090Z-1";EE knie bi/bi;2,00 
01-090Z-1.1/4";EE knie bi/bi;3,90 
01-090Z-1.1/2";EE knie bi/bi;6,25 
01-090Z-2";EE knie bi/bi;7,20 
01-090Z-2.1/2";EE knie bi/bi;21,15 
01-090Z-3";EE knie bi/bi;29,45 
01-090Z-3/8"-1/4";EE knie bi/bi verlopend;2,35 
01-090Z-4";EE knie bi/bi;51,90 
01-090Z-1/2"-1/4";EE knie bi/bi verlopend;2,80 
01-090Z-1/2"-3/8";EE knie bi/bi verlopend;1,65 
01-090Z-3/4"-1/4";EE knie bi/bi verlopend;3,25 
01-090Z-3/4"-3/8";EE knie bi/bi verlopend;2,65 
01-090Z-3/4"-1/2";EE knie bi/bi verlopend;1,95 
01-090Z-1"-3/8";EE knie bi/bi verlopend;3,35 
01-090Z-1"-1/2";EE knie bi/bi verlopend;2,60 
01-090Z-1"-3/4";EE knie bi/bi verlopend;2,85 
01-090Z-1.1/4"-1/2";EE knie bi/bi verlopend;4,40 
01-090Z-1.1/4"-3/4";EE knie bi/bi verlopend;5,80 
01-090Z-1.1/4"-1";EE knie bi/bi verlopend;4,60 
01-090Z-1.1/2"-1/2";EE knie bi/bi verlopend;6,95 
01-090Z-1.1/2"-3/4";EE knie bi/bi verlopend;7,10 
01-090Z-1.1/2"-1";EE knie bi/bi verlopend;6,60 
01-090Z-1.1/2"-1.1/4";EE knie bi/bi verlopend;7,35 
01-090Z-2"-1/2";EE knie bi/bi verlopend;9,60 
01-090Z-2"-3/4";EE knie bi/bi verlopend;11,05 
01-090Z-2"-1";EE knie bi/bi verlopend;11,65 
01-090Z-2"-1.1/4";EE knie bi/bi verlopend;12,45 
01-090Z-2"-1.1/2";EE knie bi/bi verlopend;11,85 
01-090Z-2.1/2"X1.1/2";EE knie bi/bi verlopend;24,65 
01-090Z-2.1/2"X2";EE knie bi/bi;31,75 
01-090Z-3"X1.1/2";EE knie bi/bi verlopend;42,85 
01-090Z-3"X2";EE knie bi/bi verlopend;45,10 
01-090Z-3"X2.1/2";EE knie bi/bi verlopend;47,50 
01-092Z-1/8";knie bi/bu;2,25 
01-092Z-1/4";EE knie bi/bu;1,55 
01-092Z-3/8";EE knie bi/bu;1,50 
01-092Z-1/2";EE knie bi/bu;1,00 
01-092Z-3/4";EE knie bi/bu;1,60 
01-092Z-1";EE knie bi/bu;2,55 
01-092Z-1.1/4";EE knie bi/bu;4,65 
01-092Z-1.1/2";EE knie bi/bu;6,75 
01-092Z-2";EE knie bi/bu;8,80 
01-092Z-2.1/2";EE knie bi/bu;22,20 
01-092Z-3";EE knie bi/bu;29,20 
01-092Z-4";EE knie bi/bu;49,05 
01-092Z-1/2"X3/8";EE knie bi/bu verlopend;3,60 
01-092Z-3/4"X1/2";EE knie bi/bu verlopend;4,05 
01-092Z-1"X3/4";EE knie bi/bu verlopend;5,35 
01-094Z-1/2";EE knie bu/bu;3,65 
01-094Z-3/4";EE knie bu/bu;4,05 
01-094Z-1";EE knie bu/bu;6,45 
01-095Z-3/8";EE haakse kopp. vlak bi/bi;7,55 
01-095Z-1/2";EE haakse kopp. vlak bi/bi;5,90 
01-095Z-3/4";EE haakse kopp. vlak bi/bi;6,50 
01-095Z-1";EE haakse kopp. vlak bi/bi;8,00 
01-095Z-1.1/4";EE haakse kopp. vlak bi/bi;13,90 
01-095Z-1.1/2";EE haakse kopp. vlak bi/bi;19,35 
01-095Z-2";EE haakse kopp. vlak bi/bi;28,90 
01-096Z-3/8";EE kopp. bi/bi;8,00 
01-096Z-1/2";EE kopp. bi/bi;5,85 
01-096Z-3/4";EE kopp. bi/bi;6,80 
01-096Z-1";EE kopp. bi/bi;9,80 
01-096Z-1.1/4";EE kopp. bi/bi;16,50 
01-096Z-1.1/2";EE kopp. bi/bi;19,35 
01-096Z-2";EE kopp. bi/bi;32,60 
01-097Z-3/8";EE haakse kopp. vlak bi/bu;7,55 
01-097Z-1/2";EE haakse kopp. vlak bi/bu;5,95 
01-097Z-3/4";EE haakse kopp. vlak bi/bu;7,15 
01-097Z-1";EE haakse kopp. vlak bi/bu;9,05 
01-097Z-1.1/4";EE haakse kopp. vlak bi/bu;15,55 
01-097Z-1.1/2";EE haakse kopp. vlak bi/bu;21,05 
01-097Z-2";EE haakse kopp. vlak bi/bu;30,60 
01-098Z-3/8";EE kopp. bi/bu;7,15 
01-098Z-1/2";EE kopp. bi/bu;5,90 
01-098Z-3/4";EE kopp. bi/bu;7,50 
01-098Z-1";EE kopp. bi/bu;10,30 
01-098Z-1.1/4";EE kopp. bi/bu;17,10 
01-098Z-1.1/2";EE kopp. bi/bu;21,40 
01-098Z-2";EE kopp. bi/bu;34,75 
01-120Z-1/2";EE knie 45gr. bi/bi;2,85 
01-120Z-3/4";EE knie 45gr. bi/bi;3,50 
01-120Z-1";EE knie 45gr. bi/bi;5,20 
01-130Z-1/8";T-sok;9,90 
01-130Z-1/4";EE T-sok;2,05 
01-130Z-3/8";EE T-sok;1,80 
01-130Z-1/2";EE T-sok;1,15 
01-130Z-3/4";EE T-sok;2,00 
01-130Z-1";EE T-sok;2,90 
01-130Z-1.1/4";EE T-sok;5,30 
01-130Z-1.1/2";EE T-sok;8,10 
01-130Z-2";EE T-sok;11,65 
01-130Z-2.1/2";EE T-sok;26,25 
01-130Z-3";EE T-sok;35,10 
01-130Z-3/8"X1/4"X3/8";EE T-sok verlopend;3,70 
01-130Z-3/8"X1/2"X3/8";EE T-sok verlopend;2,80 
01-130Z-4";EE T-sok;67,50 
01-130Z-1/2"-1/4"-1/2";EE T-sok verlopend;2,88 
01-130Z-1/2"-3/8"-3/8";EE T-sok verlopend;2,70 
01-130Z-1/2"-3/8"-1/2";EE T-sok verlopend;2,40 
01-130Z-1/2"-1/2"-3/8";EE T-sok verlopend;2,60 
01-130Z-1/2"-3/4"-1/2";EE T-sok verlopend;2,60 
01-130Z-1/2"-1"-1/2";EE T-sok verlopend;5,65 
01-130Z-3/4"-1/4"-3/4";EE T-sok verlopend;3,95 
01-130Z-3/4"-3/8"-1/2";EE T-sok verlopend;3,00 
01-130Z-3/4"-3/8"-3/4";EE T-sok verlopend;2,85 
01-130Z-3/4"-1/2"-1/2";EE T-sok verlopend;2,35 
01-130Z-3/4"-1/2"-3/4";EE T-sok verlopend;2,15 
01-130Z-3/4"-3/4"-1/2";EE T-sok verlopend;2,70 
01-130Z-3/4"-1"-3/4";EE T-sok verlopend;4,55 
01-130Z-1"-3/8"-1";EE T-sok verlopend;4,75 
01-130Z-1"-1/2"-1/2";EE T-sok verlopend;4,90 
01-130Z-1"-1/2"-3/4";EE T-sok verlopend;3,45 
01-130Z-1"-1/2"-1";EE T-sok verlopend;2,80 
01-130Z-1"-3/4"-1/2";EE T-sok verlopend;4,40 
01-130Z-1"-3/4"-3/4";EE T-sok verlopend;3,50 
01-130Z-1"-3/4"-1";EE T-sok verlopend;3,05 
01-130Z-1"-1"-1/2";EE T-sok verlopend;3,65 
01-130Z-1"-1"-3/4";EE T-sok verlopend;4,00 
01-130Z-1"-1.1/4"-1";EE T-sok verlopend;6,90 
01-130Z-1"-1.1/2"-1";EE T-sok verlopend;8,60 
01-130Z-1.1/4"-3/8"-1.1/4;EE T-sok verlopend;6,85 
01-130Z-1.1/4"-1/2"-1";EE T-sok verlopend;5,45 
01-130Z-1.1/4"-1/2"-1.1/4;EE T-sok verlopend;4,65 
01-130Z-1.1/4"-3/4"-3/4";EE T-sok verlopend;7,00 
01-130Z-1.1/4"-3/4"-1";EE T-sok verlopend;6,40 
01-130Z-1.1/4"-3/4"-1.1/4;EE T-sok verlopend;5,05 
01-130Z-1.1/4"-1"-1";EE T-sok verlopend;6,25 
01-130Z-1.1/4"-1"-1.1/4;EE T-sok verlopend;5,55 
01-130Z-1.1/4"-1.1/4"-3/4;EE T-sok verlopend;8,35 
01-130Z-1.1/4"-1.1/4"-1";EE T-sok verlopend;6,90 
01-130Z-1.1/4-1.1/2-1.1/4;EE T-sok verlopend;10,85 
01-130Z-1.1/4"-2"-1.1/4";EE T-sok verlopend;13,10 
01-130Z-1.1/2"-1/2"-3/4";EE T-sok verlopend;6,80 
01-130Z-1.1/2"-1/2"-1.1/2;EE T-sok verlopend;6,25 
01-130Z-1.1/2"-3/4"-1.1/2;EE T-sok verlopend;6,70 
01-130Z-1.1/2"-1"-3/4";EE T-sok verlopend;7,70 
01-130Z-1.1/2"-1"-1";EE T-sok verlopend;8,45 
01-130Z-1.1/2"-1"-1.1/4";EE T-sok verlopend;8,30 
01-130Z-1.1/2"-1"-1.1/2";EE T-sok verlopend;7,30 
01-130Z-1.1/2-1.1/4-1.1/4;EE T-sok verlopend;10,15 
01-130Z-1.1/2-1.1/4-1.1/2;EE T-sok verlopend;9,90 
01-130Z-1.1/2-1.1/2-1.1/4;EE T-sok verlopend;12,10 
01-130Z-1.1/2"-2"-1.1/2";EE T-sok verlopend;13,65 
01-130Z-2"-1/2"-2";EE T-sok verlopend;9,15 
01-130Z-2"-3/4"-2";EE T-sok verlopend;11,90 
01-130Z-2"-1"-2";EE T-sok verlopend;9,40 
01-130Z-2"-1.1/4"-2";EE T-sok verlopend;11,90 
01-130Z-2"-1.1/2"-1.1/2";EE T-sok verlopend;14,45 
01-130Z-2"-1.1/2"-2";EE T-sok verlopend;14,00 
01-130Z-2"-2.1/2"-2";EE T-sok verlopend;27,75 
01-130Z-2"-3"-2";EE T-sok verlopend;36,05 
01-130Z-2.1/2"-3/4-2.1/2";EE T-sok verlopend;20,10 
01-130Z-2.1/2"-1"-2.1/2";EE T-sok verlopend;18,90 
01-130Z-2.1/2-1.1/4-2.1/2;EE T-sok verlopend;25,90 
01-130Z-2.1/2-1.1/2-2.1/2;EE T-sok verlopend;22,65 
01-130Z-2.1/2"-2"-2.1/2";EE T-sok verlopend;25,45 
01-130Z-3"-1"-3";EE T-sok verlopend;32,50 
01-130Z-3"-1.1/4"-3";EE T-sok verlopend;37,40 
01-130Z-3"-1.1/2"-3";EE T-sok verlopend;37,45 
01-130Z-3"-2"-3";EE T-sok verlopend;34,80 
01-130Z-3"-2.1/2"-3";EE T-sok verlopend;39,20 
01-130Z-4"-1.1/4"-4";EE T-sok verlopend;50,35 
01-130Z-4"-1.1/2"-4";EE T-sok verlopend;52,05 
01-130Z-4"-2"-4";EE T-sok verlopend;61,30 
01-130Z-4"-2.1/2"-4";EE T-sok verlopend;75,75 
01-130Z-4"-3"-4";EE T-sok verlopend;59,05 
01-131Z-1/2";EE T-spruit;4,60 
01-131Z-3/4";EE T-spruit;5,80 
01-131Z-1";EE T-spruit;8,75 
01-131Z-1.1/4";EE T-spruit;11,85 
01-131Z-1.1/2";EE T-spruit;17,60 
01-131Z-2";EE T-spruit;24,95 
01-135Z-1";EE T-sok bu/bu/bu;9,95 
01-165Z-1/2";EE T-stuk 45 graden;7,10 
01-165Z-3/4";EE T-stuk 45 graden;8,10 
01-165Z-1";EE T-stuk 45 graden;12,10 
01-165Z-1.1/4";EE T-stuk 45 graden;14,90 
01-165Z-1.1/2";EE T-stuk 45 graden;20,25 
01-165Z-2";EE T-stuk 45 graden;29,90 
01-180Z-3/8";EE kruissok;4,20 
01-180Z-1/2";EE kruissok;4,15 
01-180Z-3/4";EE kruissok;6,35 
01-180Z-1";EE kruissok;7,80 
01-180Z-1.1/4";EE kruissok;10,30 
01-180Z-1.1/2";EE kruissok;13,65 
01-180Z-2";EE kruissok;20,30 
01-180Z-2.1/2";EE kruissok;45,95 
01-180Z-3";EE kruissok;52,90 
01-180Z-4";EE kruissok;87,30 
01-220Z-1/2";EE Y-stuk;4,90 
01-220Z-3/4";EE Y-stuk;7,55 
01-220Z-1";EE Y-stuk;12,50 
01-221Z-3/8";EE knie met zijspruit;5,15 
01-221Z-1/2";EE knie met zijspruit;3,95 
01-221Z-3/4";EE knie met zijspruit;4,95 
01-221Z-1";EE knie met zijspruit;8,25 
01-221Z-1.1/4";EE knie met zijspruit;14,45 
01-221Z-1.1/2";EE knie met zijspruit;20,55 
01-221Z-2";EE knie met zijspruit;31,25 
01-240Z-1/4"X1/8";verloop sok;2,05 
01-240Z-3/8"X1/8";verloop sok;1,95 
01-240Z-3/8"X1/4";EE verloop sok;1,70 
01-240Z-1/2"X1/4";EE verloop sok;1,80 
01-240Z-1/2"X3/8";EE verloop sok;1,55 
01-240Z-3/4"X3/8";EE verloop sok;2,05 
01-240Z-3/4"X1/2";EE verloop sok;1,70 
01-240Z-1"X1/4";EE verloop sok;4,10 
01-240Z-1"X3/8";EE verloop sok;2,85 
01-240Z-1"X1/2";EE verloop sok;2,20 
01-240Z-1"X3/4";EE verloop sok;2,00 
01-240Z-1.1/4"X3/8";EE verloop sok;5,10 
01-240Z-1.1/4"X1/2";EE verloop sok;4,05 
01-240Z-1.1/4"X3/4";EE verloop sok;3,65 
01-240Z-1.1/4"X1";EE verloop sok;3,60 
01-240Z-1.1/2"X1/2";EE verloop sok;6,50 
01-240Z-1.1/2"X3/4";EE verloop sok;5,65 
01-240Z-1.1/2"X1";EE verloop sok;4,40 
01-240Z-1.1/2"X1.1/4";EE verloop sok;4,75 
01-240Z-2"X1/2";EE verloop sok;9,00 
01-240Z-2"X3/4";EE verloop sok;9,35 
01-240Z-2"X1";EE verloop sok;8,45 
01-240Z-2"X1.1/4";EE verloop sok;7,60 
01-240Z-2"X1.1/2";EE verloop sok;7,20 
01-240Z-2.1/2"X1";EE verloop sok;17,00 
01-240Z-2.1/2"X1.1/4";EE verloop sok;18,80 
01-240Z-2.1/2"X1.1/2";EE verloop sok;22,70 
01-240Z-2.1/2"X2";EE verloop sok;19,65 
01-240Z-3"X1";EE verloop sok;27,10 
01-240Z-3"X1.1/4";EE verloop sok;25,65 
01-240Z-3"X1.1/2";EE verloop sok;20,80 
01-240Z-3"X2";EE verloop sok;30,45 
01-240Z-3"X2.1/2";EE verloop sok;34,70 
01-240Z-4"X1.1/2";EE verloop sok;60,60 
01-240Z-4"X2";EE verloop sok;52,55 
01-240Z-4"X2.1/2";EE verloop sok;55,00 
01-240Z-4"X3";EE verloop sok;56,30 
01-241Z-1/4"X1/8";verloopring;1,65 
01-241Z-3/8"X1/8";verloopring;1,65 
01-241Z-3/8"X1/4";EE verloopring;1,10 
01-241Z-1/2"X1/8";verloopring;3,30 
01-241Z-1/2"X1/4";EE verloopring;0,90 
01-241Z-1/2"X3/8";EE verloopring;0,80 
01-241Z-3/4X1/4";EE verloopring;1,60 
01-241Z-3/4X3/8";EE verloopring;1,25 
01-241Z-3/4X1/2";EE verloopring;0,85 
01-241Z-1"X3/8";EE verloopring;2,05 
01-241Z-1"X1/2";EE verloopring;1,25 
01-241Z-1"X3/4";EE verloopring;1,15 
01-241Z-1.1/4"X3/8";EE verloopring;3,65 
01-241Z-1.1/4"X1/2";EE verloopring;2,40 
01-241Z-1.1/4"X3/4";EE verloopring;2,00 
01-241Z-1.1/4"X1";EE verloopring;1,55 
01-241Z-1.1/2"X1/2";EE verloopring;2,90 
01-241Z-1.1/2"X3/4";EE verloopring;3,35 
01-241Z-1.1/2"X1";EE verloopring;2,20 
01-241Z-1.1/2"X1.1/4";EE verloopring;2,25 
01-241Z-2"X1/2";EE verloopring;5,95 
01-241Z-2"X3/4";EE verloopring;5,90 
01-241Z-2"X1";EE verloopring;4,80 
01-241Z-2"X1.1.4";EE verloopring;4,60 
01-241Z-2"X1.1.2";EE verloopring;4,10 
01-241Z-2.1/2"X1";EE verloopring;9,60 
01-241Z-2.1/2"X1.1/4";EE verloopring;11,00 
01-241Z-2.1/2"X1.1/2";EE verloopring;10,50 
01-241Z-2.1/2"X2";EE verloopring;7,90 
01-241Z-3"X1";EE verloopring;14,85 
01-241Z-3"X1.1/4";EE verloopring;14,85 
01-241Z-3"X1.1/2";EE verloopring;13,85 
01-241Z-3"X2";EE verloopring;10,40 
01-241Z-3"X2.1/2";EE verloopring;11,70 
01-241Z-4"X1";EE verloopring;27,10 
01-241Z-4"X1.1/4";EE verloopring;27,50 
01-241Z-4"X1.1/2";EE verloopring;27,50 
01-241Z-4"X2";EE verloopring;29,65 
01-241Z-4"X2.1/2";EE verloopring;22,00 
01-241Z-4"X3";EE verloopring;21,10 
01-245Z-1/4"X1/8";verloopnippel;1,90 
01-245Z-3/8"X1/8";verloopnippel;2,35 
01-245Z-3/8"X1/4";EE verloopnippel;1,70 
01-245Z-1/2"X1/4";EE verloopnippel;2,40 
01-245Z-1/2"X3/8";EE verloopnippel;2,05 
01-245Z-3/4"X3/8";EE verloopnippel;3,70 
01-245Z-3/4"X1/2";EE verloopnippel;1,85 
01-245Z-1"X3/8";EE verloopnippel;4,25 
01-245Z-1"X1/2";EE verloopnippel;3,60 
01-245Z-1"X3/4";EE verloopnippel;2,05 
01-245Z-1.1/4"X1/2";EE verloopnippel;5,55 
01-245Z-1.1/4"X3/4";EE verloopnippel;4,80 
01-245Z-1.1/4"X1";EE verloopnippel;3,40 
01-245Z-1.1/2"X1/2";EE verloopnippel;6,05 
01-245Z-1.1/2"X3/4";EE verloopnippel;4,80 
01-245Z-1.1/2"X1";EE verloopnippel;7,60 
01-245Z-1.1/2"X1.1/4";EE verloopnippel;4,10 
01-245Z-2"X1/2";EE verloopnippel;9,35 
01-245Z-2"X3/4";EE verloopnippel;8,60 
01-245Z-2"X1";EE verloopnippel;6,85 
01-245Z-2"X1.1/4";EE verloopnippel;8,65 
01-245Z-2"X1.1/2";EE verloopnippel;7,80 
01-245Z-2.1/2"X1";EE verloopnippel;12,45 
01-245Z-2.1/2"X1.1/4";EE verloopnippel;13,60 
01-245Z-2.1/2"X1.1/2";EE verloopnippel;11,30 
01-245Z-2.1/2"X2";EE verloopnippel;19,00 
01-245Z-3"X2";EE verloopnippel;23,05 
01-245Z-3"X2.1/2";EE verloopnippel;30,20 
01-246Z-1/4"X1/8";sok nippel;1,95 
01-246Z-3/8"X1/4";EE sok nippel;1,55 
01-246Z-1/2"X1/4";EE sok nippel;2,15 
01-246Z-1/2"X3/8";EE sok nippel;1,65 
01-246Z-3/4"X3/8";EE sok nippel;2,85 
01-246Z-3/4"X1/2";EE sok nippel;1,80 
01-246Z-1"X1/2";EE sok nippel;2,80 
01-246Z-1"X3/4";EE sok nippel;2,85 
01-246Z-1.1/4"X3/4";EE sok nippel;5,20 
01-246Z-1.1/4"X1";EE sok nippel;3,30 
01-246Z-1.1/2"X1";EE sok nippel;6,25 
01-246Z-1.1/2"X1.1/4";EE sok nippel;5,50 
01-246Z-2"X1.1/4";EE sok nippel;8,75 
01-246Z-2"X1.1/2";EE sok nippel;9,15 
01-270Z-1/8";sok;1,55 
01-270Z-1/4";EE sok;1,35 
01-270Z-3/8";EE sok;1,25 
01-270Z-1/2";EE sok;1,00 
01-270Z-3/4";EE sok;1,30 
01-270Z-1";EE sok;1,70 
01-270Z-1.1/4";EE sok;2,80 
01-270Z-1.1/2";EE sok;3,95 
01-270Z-2";EE sok;5,95 
01-270Z-2.1/2";EE sok;16,65 
01-270Z-3";EE sok;19,95 
01-270Z-4";EE sok;45,80 
01-271Z-3/8";EE sok l-r;1,70 
01-271Z-1/2";EE sok l-r;1,55 
01-271Z-3/4";EE sok l-r;2,00 
01-271Z-1";EE sok l-r;2,65 
01-271Z-1.1/4";EE sok l-r;5,10 
01-271Z-1.1/2";EE sok l-r;5,55 
01-271Z-2";EE sok l-r;9,95 
01-271Z-2.1/2";EE sok l-r;17,35 
01-271Z-3";EE sok l-r;19,75 
01-280Z-1/8";nippel;1,75 
01-280Z-1/4";EE nippel;1,55 
01-280Z-3/8";EE nippel;1,70 
01-280Z-1/2";EE nippel;0,85 
01-280Z-3/4";EE nippel;1,15 
01-280Z-1";EE nippel;1,60 
01-280Z-1.1/4";EE nippel;2,80 
01-280Z-1.1/2";EE nippel;3,30 
01-280Z-2";EE nippel;5,80 
01-280Z-2.1/2";EE nippel;10,50 
01-280Z-3";EE nippel;12,70 
01-280Z-4";EE nippel;45,80 
01-281Z-1/4";EE nippel l-r;4,90 
01-281Z-3/8";EE nippel l-r;3,85 
01-281Z-1/2";EE nippel l-r;1,65 
01-281Z-3/4";EE nippel l-r;2,00 
01-281Z-1";EE nippel l-r;3,50 
01-281Z-1.1/4";EE nippel l-r;4,85 
01-281Z-1.1/2";EE nippel l-r;5,80 
01-281Z-2";EE nippel l-r;10,75 
01-290Z-1/8";plug;1,88 
01-290Z-1/4";EE plug;0,80 
01-290Z-3/8";EE plug;0,70 
01-290Z-1/2";EE plug;0,70 
01-290Z-3/4";EE plug;0,95 
01-290Z-1";EE plug;1,10 
01-290Z-1.1/4";EE plug;1,95 
01-290Z-1.1/2";EE plug;2,45 
01-290Z-2";EE plug;4,35 
01-290Z-2.1/2";EE plug;9,15 
01-290Z-3";EE plug;11,85 
01-290Z-4";EE plug;20,80 
01-291Z-1/4";EE plug zonder rand;0,90 
01-291Z-3/8";EE plug zonder rand;0,80 
01-291Z-1/2";EE plug zonder rand;0,75 
01-291Z-3/4";EE plug zonder rand;1,15 
01-291Z-1";EE plug zonder rand;1,45 
01-291Z-1.1/4";EE plug zonder rand;2,00 
01-291Z-1.1/2";EE plug zonder rand;3,40 
01-291Z-2";EE plug zonder rand;4,65 
01-291Z-2.1/2";EE plug zonder rand;8,80 
01-291Z-3";EE plug zonder rand;10,75 
01-291Z-4";EE plug zonder rand;37,30 
01-300Z-1/8";kap;1,95 
01-300Z-1/4";EE kap;1,05 
01-300Z-3/8";EE kap;0,95 
01-300Z-1/2";EE kap;1,10 
01-300Z-3/4";EE kap;1,30 
01-300Z-1";EE kap;1,60 
01-300Z-1.1/4";EE kap;2,45 
01-300Z-1.1/2";EE kap;3,00 
01-300Z-2";EE kap;5,55 
01-300Z-2.1/2";EE kap;10,15 
01-300Z-3";EE kap;11,10 
01-300Z-4";EE kap;23,85 
01-301Z-3/8";EE ronde kap;1,50 
01-301Z-1/2";EE ronde kap;1,55 
01-301Z-3/4";EE ronde kap;1,50 
01-301Z-1";EE ronde kap;1,95 
01-301Z-1.1/4";EE ronde kap;2,70 
01-301Z-1.1/2";EE ronde kap;3,55 
01-301Z-2";EE ronde kap;6,65 
01-310Z-1/4";EE moer;1,00 
01-310Z-3/8";EE moer;1,05 
01-310Z-1/2";EE moer;0,80 
01-310Z-3/4";EE moer;0,90 
01-310Z-1";EE moer;1,35 
01-310Z-1.1/4";EE moer;1,95 
01-310Z-1.1/2";EE moer;2,15 
01-310Z-2";EE moer;4,25 
01-310Z-2.1/2";EE moer;9,45 
01-310Z-3";EE moer;11,05 
01-310Z-4";EE moer;15,10 
01-321Z-3/8";EE flens met binnendraad;7,15 
01-321Z-1/2";EE flens met binnendraad;5,05 
01-321Z-3/4";EE flens met binnendraad;6,15 
01-321Z-1";EE flens met binnendraad;7,10 
01-321Z-1.1/4";EE flens met binnendraad;9,45 
01-321Z-1.1/2";EE flens met binnendraad;11,50 
01-321Z-2";EE flens met binnendraad;13,95 
01-321Z-2.1/2";EE flens met binnendraad;23,50 
01-321Z-3";EE flens met binnendraad;28,20 
01-321Z-4";EE flens met binnendraad;50,10 
01-326Z-3/4";EE ovale flens met binnendraad;10,15 
01-326Z-1";EE ovale flens met binnendraad;10,30 
01-326Z-1.1/4";EE ovale flens met binnendraad;12,95 
01-326Z-1.1/2";EE ovale flens met binnendraad;14,10 
01-330Z-3/8";EE koppeling vlak bi-bi;5,40 
01-330Z-1/2";EE koppeling vlak bi-bi;3,70 
01-330Z-3/4";EE koppeling vlak bi-bi;4,20 
01-330Z-1";EE koppeling vlak bi-bi;4,70 
01-330Z-1.1/4";EE koppeling vlak bi-bi;8,10 
01-330Z-1.1/2";EE koppeling vlak bi-bi;10,40 
01-330Z-2";EE koppeling vlak bi-bi;17,15 
01-330Z-2.1/2";EE koppeling vlak bi-bi;39,45 
01-331Z-3/8";EE koppeling vlak bi-bu;5,85 
01-331Z-1/2";EE koppeling vlak bi-bu;4,25 
01-331Z-3/4";EE koppeling vlak bi-bu;4,60 
01-331Z-1";EE koppeling vlak bi-bu;5,60 
01-331Z-1.1/4";EE koppeling vlak bi-bu;9,70 
01-331Z-1.1/2";EE koppeling vlak bi-bu;12,25 
01-331Z-2";EE koppeling vlak bi-bu;19,00 
01-331Z-2.1/2";EE koppeling vlak bi-bu;44,30 
01-340Z-3/8";EE koppeling bi-bi;5,85 
01-340Z-1/2";EE koppeling bi-bi;5,55 
01-340Z-3/4";EE koppeling bi-bi;5,00 
01-340Z-1";EE koppeling bi-bi;5,80 
01-340Z-1.1/4";EE koppeling bi-bi;9,60 
01-340Z-1.1/2";EE koppeling bi-bi;11,25 
01-340Z-2";EE koppeling bi-bi;18,45 
01-340Z-2.1/2";EE koppeling bi-bi;41,70 
01-340Z-3";EE koppeling bi-bi;58,15 
01-340Z-4";EE koppeling bi-bi;117,35 
01-341Z-3/8";EE koppeling bi-bu;5,15 
01-341Z-1/2";EE koppeling bi-bu;4,35 
01-341Z-3/4";EE koppeling bi-bu;5,25 
01-341Z-1";EE koppeling bi-bu;6,50 
01-341Z-1.1/4";EE koppeling bi-bu;10,25 
01-341Z-1.1/2";EE koppeling bi-bu;13,15 
01-341Z-2";EE koppeling bi-bu;20,95 
01-341Z-2.1/2";EE koppeling bi-bu;45,55 
01-341Z-3";EE koppeling bi-bu;71,15 
01-341Z-4";EE koppeling bi-bu;130,40 
01-471Z-1/2";EE muurplaat;5,95 
01-471Z-3/4";EE muurplaat;12,00 
01-529Z-3/8";EE verleng sok nippel;1,70 
01-529Z-1/2";EE verleng sok nippel;1,80 
01-529Z-3/4";EE verleng sok nippel;2,60 
01-529Z-1";EE verleng sok nippel;4,10 
01-529Z-1.1/4";EE verleng sok nippel;5,35 
01-001V-1/8";bocht bi/bu (V=verzinkt);10,05 
01-001V-1/4";EE bocht bi/bu;2,80 
01-001V-3/8";EE bocht bi/bu;3,40 
01-001V-1/2";EE bocht bi/bu;3,05 
01-001V-3/4";EE bocht bi/bu;5,30 
01-001V-1";EE bocht bi/bu;7,20 
01-001V-1.1/4";EE bocht bi/bu;12,45 
01-001V-1.1/2";EE bocht bi/bu;16,50 
01-001V-2";EE bocht bi/bu;26,55 
01-001V-2.1/2";EE bocht bi/bu;59,80 
01-001V-3";EE bocht bi/bu;76,65 
01-001V-4";EE bocht bi/bu;139,20 
01-002V-1/4";EE bocht bi/bi;2,95 
01-002V-3/8";EE bocht bi/bi;3,40 
01-002V-1/2";EE bocht bi/bi;3,45 
01-002V-3/4";EE bocht bi/bi;5,35 
01-002V-1";EE bocht bi/bi;7,20 
01-002V-1.1/4";EE bocht bi/bi;12,50 
01-002V-1.1/2";EE bocht bi/bi;15,35 
01-002V-2";EE bocht bi/bi;21,35 
01-002V-2.1/2";EE bocht bi/bi;60,10 
01-002V-3";EE bocht bi/bi;75,55 
01-002V-4";EE bocht bi/bi;143,20 
01-003V-1/2";EE bocht bu/bu;5,30 
01-003V-3/4";EE bocht bu/bu;5,95 
01-003V-1";EE bocht bu/bu;8,50 
01-040V-1/4";EE bocht 45gr. bi/bu;4,10 
01-040V-3/8";EE bocht 45gr. bi/bu;3,70 
01-040V-1/2";EE bocht 45gr. bi/bu;3,45 
01-040V-3/4";EE bocht 45gr. bi/bu;4,65 
01-040V-1";EE bocht 45gr. bi/bu;6,50 
01-040V-1.1/4";EE bocht 45gr. bi/bu;11,35 
01-040V-1.1/2";EE bocht 45gr. bi/bu;13,55 
01-040V-2";EE bocht 45gr. bi/bu;21,50 
01-040V-2.1/2";EE bocht 45gr. bi/bu;47,70 
01-040V-3";EE bocht 45gr. bi/bu;52,05 
01-040V-4";EE bocht 45gr. bi/bu;117,45 
01-041V-3/8";EE bocht 45gr. bi/bi;4,30 
01-041V-1/2";EE bocht 45gr. bi/bi;4,10 
01-041V-3/4";EE bocht 45gr. bi/bi;5,20 
01-041V-1";EE bocht 45gr. bi/bi;6,65 
01-041V-1.1/4";EE bocht 45gr. bi/bi;11,95 
01-041V-1.1/2";EE bocht 45gr. bi/bi;15,75 
01-041V-2";EE bocht 45gr. bi/bi;22,15 
01-041V-2.1/2";EE bocht 45gr. bi/bi;43,75 
01-041V-3";EE bocht 45gr. bi/bi;55,80 
01-090V-1/8";knie bi/bi;6,70 
01-090V-1/4";EE knie bi/bi;1,80 
01-090V-3/8";EE knie bi/bi;1,55 
01-090V-1/2";EE knie bi/bi;1,10 
01-090V-3/4";EE knie bi/bi;1,70 
01-090V-1";EE knie bi/bi;2,50 
01-090V-1.1/4";EE knie bi/bi;4,80 
01-090V-1.1/2";EE knie bi/bi;7,75 
01-090V-2";EE knie bi/bi;9,10 
01-090V-2.1/2";EE knie bi/bi;26,75 
01-090V-3";EE knie bi/bi;36,65 
01-090V-3/8"-1/4";EE knie bi/bi;2,80 
01-090V-4";EE knie bi/bi;65,60 
01-090V-1/2"-1/4";EE knie bi/bi verlopend;3,45 
01-090V-1/2"-3/8";EE knie bi/bi verlopend;2,05 
01-090V-3/4"-1/4";EE knie bi/bi verlopend;4,05 
01-090V-3/4"-3/8";EE knie bi/bi verlopend;3,40 
01-090V-3/4"-1/2";EE knie bi/bi verlopend;2,30 
01-090V-1"-3/8";EE knie bi/bi verlopend;3,95 
01-090V-1"-1/2";EE knie bi/bi verlopend;3,35 
01-090V-1"-3/4";EE knie bi/bi verlopend;3,50 
01-090V-1.1/4"-1/2";EE knie bi/bi verlopend;5,35 
01-090V-1.1/4"-3/4";EE knie bi/bi verlopend;7,20 
01-090V-1.1/4"-1";EE knie bi/bi verlopend;5,75 
01-090V-1.1/2"-1/2";EE knie bi/bi verlopend;8,60 
01-090V-1.1/2"-3/4";EE knie bi/bi verlopend;8,80 
01-090V-1.1/2"-1";EE knie bi/bi verlopend;8,35 
01-090V-1.1/2"-1.1/4";EE knie bi/bi verlopend;9,15 
01-090V-2"-1/2";EE knie bi/bi verlopend;12,10 
01-090V-2"-3/4";EE knie bi/bi verlopend;13,50 
01-090V-2"-1";EE knie bi/bi verlopend;14,45 
01-090V-2"-1.1/4";EE knie bi/bi verlopend;15,70 
01-090V-2"-1.1/2";EE knie bi/bi verlopend;14,70 
01-090V-2.1/2"X1.1/2";EE knie bi/bi verlopend;30,90 
01-090V-2.1/2"X2";EE knie bi/bi;35,65 
01-090V-3"X1.1/2";EE knie bi/bi verlopend;51,50 
01-090V-3"X2";EE knie bi/bi verlopend;54,20 
01-090V-3"X2.1/2";EE knie bi/bi verlopend;56,80 
01-092V-1/8";knie bi/bu;2,85 
01-092V-1/4";EE knie bi/bu;1,95 
01-092V-3/8";EE knie bi/bu;1,80 
01-092V-1/2";EE knie bi/bu;1,25 
01-092V-3/4";EE knie bi/bu;1,95 
01-092V-1";EE knie bi/bu;3,25 
01-092V-1.1/4";EE knie bi/bu;5,65 
01-092V-1.1/2";EE knie bi/bu;8,45 
01-092V-2";EE knie bi/bu;11,05 
01-092V-2.1/2";EE knie bi/bu;27,55 
01-092V-3";EE knie bi/bu;36,35 
01-092V-4";EE knie bi/bu;62,05 
01-092V-1/2"X3/8";EE knie bi/bu verlopend;4,45 
01-092V-3/4"X1/2";EE knie bi/bu verlopend;5,10 
01-092V-1"X3/4";EE knie bi/bu verlopend;6,65 
01-094V-1/2";EE knie bu/bu;4,65 
01-094V-3/4";EE knie bu/bu;5,20 
01-094V-1";EE knie bu/bu;7,95 
01-095V-3/8";EE haakse kopp. vlak bi/bi;9,45 
01-095V-1/2";EE haakse kopp. vlak bi/bi;7,30 
01-095V-3/4";EE haakse kopp. vlak bi/bi;8,05 
01-095V-1";EE haakse kopp. vlak bi/bi;10,05 
01-095V-1.1/4";EE haakse kopp. vlak bi/bi;17,45 
01-095V-1.1/2";EE haakse kopp. vlak bi/bi;24,45 
01-095V-2";EE haakse kopp. vlak bi/bi;36,45 
01-096V-3/8";EE kopp. bi/bi;10,00 
01-096V-1/2";EE kopp. bi/bi;7,40 
01-096V-3/4";EE kopp. bi/bi;8,60 
01-096V-1";EE kopp. bi/bi;12,30 
01-096V-1.1/4";EE kopp. bi/bi;20,50 
01-096V-1.1/2";EE kopp. bi/bi;24,50 
01-096V-2";EE kopp. bi/bi;41,25 
01-097V-3/8";EE haakse kopp. vlak bi/bu;9,45 
01-097V-1/2";EE haakse kopp. vlak bi/bu;7,50 
01-097V-3/4";EE haakse kopp. vlak bi/bu;9,05 
01-097V-1";EE haakse kopp. vlak bi/bu;11,50 
01-097V-1.1/4";EE haakse kopp. vlak bi/bu;20,05 
01-097V-1.1/2";EE haakse kopp. vlak bi/bu;26,60 
01-097V-2";EE haakse kopp. vlak bi/bu;38,80 
01-098V-3/8";EE kopp. bi/bu;8,90 
01-098V-1/2";EE kopp. bi/bu;7,45 
01-098V-3/4";EE kopp. bi/bu;9,45 
01-098V-1";EE kopp. bi/bu;12,95 
01-098V-1.1/4";EE kopp. bi/bu;21,70 
01-098V-1.1/2";EE kopp. bi/bu;26,60 
01-098V-2";EE kopp. bi/bu;43,95 
01-120V-1/2";EE knie 45gr. bi/bi;3,60 
01-120V-3/4";EE knie 45gr. bi/bi;4,45 
01-120V-1";EE knie 45gr. bi/bi;6,50 
01-130V-1/8";T-sok;8,55 
01-130V-1/4";EE T-sok;2,60 
01-130V-3/8";EE T-sok;2,20 
01-130V-1/2";EE T-sok;1,45 
01-130V-3/4";EE T-sok;2,50 
01-130V-1";EE T-sok;3,65 
01-130V-1.1/4";EE T-sok;6,55 
01-130V-1.1/2";EE T-sok;10,10 
01-130V-2";EE T-sok;14,20 
01-130V-2.1/2";EE T-sok;32,60 
01-130V-3";EE T-sok;43,60 
01-130V-3/8"-1/4"-3/8";EE T-sok verlopend;4,65 
01-130V-3/8"-1/2"-3/8";EE T-sok verlopend;3,45 
01-130V-4";EE T-sok;85,40 
01-130V-1/2"-1/4"-1/2";EE T-sok verlopend;3,70 
01-130V-1/2"-3/8"-3/8";EE T-sok verlopend;3,40 
01-130V-1/2"-3/8"-1/2";EE T-sok verlopend;2,85 
01-130V-1/2"-1/2"-3/8";EE T-sok verlopend;3,40 
01-130V-1/2"-3/4"-1/2";EE T-sok verlopend;3,25 
01-130V-1/2"-1"-1/2";EE T-sok verlopend;7,15 
01-130V-3/4"-1/4"-3/4";EE T-sok verlopend;4,95 
01-130V-3/4"-3/8"-1/2";EE T-sok verlopend;3,85 
01-130V-3/4"-3/8"-3/4";EE T-sok verlopend;3,50 
01-130V-3/4"-1/2"-1/2";EE T-sok verlopend;2,85 
01-130V-3/4"-1/2"-3/4";EE T-sok verlopend;2,65 
01-130V-3/4"-3/4"-1/2";EE T-sok verlopend;3,40 
01-130V-3/4"-1"-3/4";EE T-sok verlopend;5,55 
01-130V-1"-3/8"-1";EE T-sok verlopend;6,00 
01-130V-1"-1/2"-1/2";EE T-sok verlopend;6,05 
01-130V-1"-1/2"-3/4";EE T-sok verlopend;4,30 
01-130V-1"-1/2"-1";EE T-sok verlopend;3,50 
01-130V-1"-3/4"-1/2";EE T-sok verlopend;5,45 
01-130V-1"-3/4"-3/4";EE T-sok verlopend;4,35 
01-130V-1"-3/4"-1";EE T-sok verlopend;3,75 
01-130V-1"-1"-1/2";EE T-sok verlopend;4,60 
01-130V-1"-1"-3/4";EE T-sok verlopend;5,05 
01-130V-1"-1.1/4"-1";EE T-sok verlopend;8,75 
01-130V-1"-1.1/2"-1";EE T-sok verlopend;10,95 
01-130V-1.1/4"-3/8"-1.1/4;EE T-sok verlopend;8,60 
01-130V-1.1/4"-1/2"-1";EE T-sok verlopend;6,80 
01-130V-1.1/4"-1/2"-1.1/4;EE T-sok verlopend;5,85 
01-130V-1.1/4"-3/4"-3/4";EE T-sok verlopend;8,80 
01-130V-1.1/4"-3/4"-1";EE T-sok verlopend;7,95 
01-130V-1.1/4"-3/4"-1.1/4;EE T-sok verlopend;6,20 
01-130V-1.1/4"-1"-1";EE T-sok verlopend;7,75 
01-130V-1.1/4"-1"-1.1/4";EE T-sok verlopend;6,90 
01-130V-1.1/4"-1.1/4"-3/4;EE T-sok verlopend;10,45 
01-130V-1.1/4"-1.1/4"-1";EE T-sok verlopend;8,80 
01-130V-1.1/4-1.1/2-1.1/4;EE T-sok verlopend;13,75 
01-130V-1.1/4"-2"-1.1/4;EE T-sok verlopend;16,50 
01-130V-1.1/2"-1/2"-3/4";EE T-sok verlopend;8,65 
01-130V-1.1/2"-1/2"-1.1/2;EE T-sok verlopend;7,85 
01-130V-1.1/2"-3/4"-1.1/2;EE T-sok verlopend;8,50 
01-130V-1.1/2"-1"-3/4";EE T-sok verlopend;9,85 
01-130V-1.1/2"-1"-1";EE T-sok verlopend;10,60 
01-130V-1.1/2"-1"-1.1/4";EE T-sok verlopend;10,40 
01-130V-1.1/2"-1"-1.1/2";EE T-sok verlopend;9,20 
01-130V-1.1/2-1.1/4-1.1/4;EE T-sok verlopend;12,90 
01-130V-1.1/2-1.1/4-1.1/2;EE T-sok verlopend;12,50 
01-130V-1.1/2-1.1/2-1.1/4;EE T-sok verlopend;15,15 
01-130V-1.1/2"-2"-1.1/2";EE T-sok verlopend;17,20 
01-130V-2"-1/2"-2";EE T-sok verlopend;11,60 
01-130V-2"-3/4"-2";EE T-sok verlopend;15,10 
01-130V-2"-1"-2";EE T-sok verlopend;11,70 
01-130V-2"-1.1/4"-2";EE T-sok verlopend;15,10 
01-130V-2"-1.1/2"-1.1/2";EE T-sok verlopend;18,20 
01-130V-2"-1.1/2"-2";EE T-sok verlopend;17,40 
01-130V-2"-2.1/2"-2";EE T-sok verlopend;35,10 
01-130V-2"-3"-2";EE T-sok verlopend;44,70 
01-130V-2.1/2"-3/4"-2.1/2;EE T-sok verlopend;25,00 
01-130V-2.1/2"-1"-2.1/2";EE T-sok verlopend;23,95 
01-130V-2.1/2-1.1/4-2.1/2;EE T-sok verlopend;32,85 
01-130V-2.1/2-1.1/2-2.1/2;EE T-sok verlopend;28,60 
01-130V-2.1/2"-2"-2.1/2";EE T-sok verlopend;32,20 
01-130V-3"-1"-3";EE T-sok verlopend;39,25 
01-130V-3"-1.1/4"-3";EE T-sok verlopend;45,10 
01-130V-3"-1.1/2"-3";EE T-sok verlopend;45,25 
01-130V-3"-2"-3";EE T-sok verlopend;42,00 
01-130V-3"-2.1/2"-3";EE T-sok verlopend;49,70 
01-130V-4"-1.1/4"-4";EE T-sok verlopend;64,90 
01-130V-4"-1.1/2"-4";EE T-sok verlopend;64,60 
01-130V-4"-2"-4";EE T-sok verlopend;74,05 
01-130V-4"-2.1/2"-4";EE T-sok verlopend;94,55 
01-130V-4"-3"-4";EE T-sok verlopend;78,70 
01-131V-1/2";EE T-spruit;5,90 
01-131V-3/4";EE T-spruit;7,40 
01-131V-1";EE T-spruit;11,20 
01-131V-1.1/4";EE T-spruit;15,20 
01-131V-1.1/2";EE T-spruit;22,20 
01-131V-2";EE T-spruit;32,00 
01-135V-1";EE T-sok bu/bu/bu;12,50 
01-165V-1/2";EE T-stuk 45 graden;8,85 
01-165V-3/4";EE T-stuk 45 graden;10,15 
01-165V-1";EE T-stuk 45 graden;15,20 
01-165V-1.1/4";EE T-stuk 45 graden;18,85 
01-165V-1.1/2";EE T-stuk 45 graden;25,30 
01-165V-2";EE T-stuk 45 graden;37,70 
01-180V-3/8";EE kruissok;5,30 
01-180V-1/2";EE kruissok;5,20 
01-180V-3/4";EE kruissok;7,80 
01-180V-1";EE kruissok;9,60 
01-180V-1.1/4";EE kruissok;12,90 
01-180V-1.1/2";EE kruissok;17,20 
01-180V-2";EE kruissok;25,70 
01-180V-2.1/2";EE kruissok;58,15 
01-180V-3";EE kruissok;67,00 
01-180V-4";EE kruissok;111,05 
01-220V-1/2";EE Y-stuk;6,05 
01-220V-3/4";EE Y-stuk;9,55 
01-220V-1";EE Y-stuk;15,75 
01-221V-3/8";EE knie met zijspruit;6,45 
01-221V-1/2";EE knie met zijspruit;4,85 
01-221V-3/4";EE knie met zijspruit;7,80 
01-221V-1";EE knie met zijspruit;10,30 
01-221V-1.1/4";EE knie met zijspruit;18,20 
01-221V-1.1/2";EE knie met zijspruit;25,85 
01-221V-2";EE knie met zijspruit;39,55 
01-240V-1/4"X1/8";verloop sok;2,50 
01-240V-3/8"X1/8";verloop sok;2,50 
01-240V-3/8"X1/4";EE verloop sok;2,15 
01-240V-1/2"X1/4";EE verloop sok;2,25 
01-240V-1/2"X3/8";EE verloop sok;1,85 
01-240V-3/4"X1/4";verloop sok;3,10 
01-240V-3/4"X3/8";EE verloop sok;2,60 
01-240V-3/4"X1/2";EE verloop sok;2,20 
01-240V-1"X1/4";EE verloop sok;4,95 
01-240V-1"X3/8";EE verloop sok;3,60 
01-240V-1"X1/2";EE verloop sok;2,75 
01-240V-1"X3/4";EE verloop sok;2,50 
01-240V-1.1/4"X3/8";EE verloop sok;6,45 
01-240V-1.1/4"X1/2";EE verloop sok;5,30 
01-240V-1.1/4"X3/4";EE verloop sok;4,65 
01-240V-1.1/4"X1";EE verloop sok;4,50 
01-240V-1.1/2"X1/2";EE verloop sok;8,15 
01-240V-1.1/2"X3/4";EE verloop sok;7,20 
01-240V-1.1/2"X1";EE verloop sok;5,50 
01-240V-1.1/2"X1.1/4";EE verloop sok;6,05 
01-240V-2"X1/2";EE verloop sok;11,30 
01-240V-2"X3/4";EE verloop sok;11,70 
01-240V-2"X1";EE verloop sok;10,80 
01-240V-2"X1.1/4";EE verloop sok;9,55 
01-240V-2"X1.1/2";EE verloop sok;9,00 
01-240V-2.1/2"X1";EE verloop sok;21,45 
01-240V-2.1/2"X1.1/4";EE verloop sok;23,75 
01-240V-2.1/2"X1.1/2";EE verloop sok;28,75 
01-240V-2.1/2"X2";EE verloop sok;24,40 
01-240V-3"X1";EE verloop sok;35,65 
01-240V-3"X1.1/4";EE verloop sok;33,35 
01-240V-3"X1.1/2";EE verloop sok;26,35 
01-240V-3"X2";EE verloop sok;38,45 
01-240V-3"X2.1/2";EE verloop sok;43,75 
01-240V-4"X1.1/2";EE verloop sok;75,75 
01-240V-4"X2";EE verloop sok;66,50 
01-240V-4"X2.1/2";EE verloop sok;69,55 
01-240V-4"X3";EE verloop sok;71,35 
01-241V-1/4"X1/8";verloopring;1,90 
01-241V-3/8"X1/8";verloopring;1,95 
01-241V-3/8"X1/4";EE verloopring;1,40 
01-241V-1/2"X1/8";verloopring;2,00 
01-241V-1/2"X1/4";EE verloopring;1,10 
01-241V-1/2"X3/8";EE verloopring;1,10 
01-241V-3/4"X1/4";EE verloopring;2,00 
01-241V-3/4"X3/8";EE verloopring;1,55 
01-241V-3/4"X1/2";EE verloopring;1,15 
01-241V-1"X1/4";verloopring;3,05 
01-241V-1"X3/8";EE verloopring;2,55 
01-241V-1"X1/2";EE verloopring;1,65 
01-241V-1"X3/4";EE verloopring;1,50 
01-241V-1.1/4"X3/8";EE verloopring;4,65 
01-241V-1.1/4"X1/2";EE verloopring;2,80 
01-241V-1.1/4"X3/4";EE verloopring;2,50 
01-241V-1.1/4"X1";EE verloopring;1,85 
01-241V-1.1/2"X1/2";EE verloopring;3,70 
01-241V-1.1/2"X3/4";EE verloopring;4,10 
01-241V-1.1/2"X1";EE verloopring;2,75 
01-241V-1.1/2"X1.1/4";EE verloopring;2,80 
01-241V-2"X1/2";EE verloopring;7,50 
01-241V-2"X3/4";EE verloopring;7,45 
01-241V-2"X1";EE verloopring;6,10 
01-241V-2"X1.1/4";EE verloopring;5,80 
01-241V-2"X1.1/2";EE verloopring;5,20 
01-241V-2.1/2"X1";EE verloopring;11,95 
01-241V-2.1/2"X1.1/4";EE verloopring;13,80 
01-241V-2.1/2"X1.1/2";EE verloopring;13,05 
01-241V-2.1/2"X2";EE verloopring;10,00 
01-241V-3"X1";EE verloopring;18,70 
01-241V-3"X1.1/4";EE verloopring;18,75 
01-241V-3"X1.1/2";EE verloopring;17,35 
01-241V-3"X2";EE verloopring;12,90 
01-241V-3"X2.1/2";EE verloopring;14,60 
01-241V-4"X1";EE verloopring;34,90 
01-241V-4"X1.1/4";EE verloopring;35,45 
01-241V-4"X1.1/2";EE verloopring;35,45 
01-241V-4"X2";EE verloopring;37,50 
01-241V-4"X2.1/2";EE verloopring;27,90 
01-241V-4"X3";EE verloopring;26,80 
01-245V-1/4"X1/8";verloopnippel;2,45 
01-245V-3/8"X1/8";verloopnippel;2,90 
01-245V-3/8"X1/4";EE verloopnippel;2,25 
01-245V-1/2"X1/4";EE verloopnippel;2,80 
01-245V-1/2"X3/8";EE verloopnippel;2,60 
01-245V-3/4"X3/8";EE verloopnippel;4,65 
01-245V-3/4"X1/2";EE verloopnippel;2,25 
01-245V-1"X3/8";EE verloopnippel;5,05 
01-245V-1"X1/2";EE verloopnippel;4,60 
01-245V-1"X3/4";EE verloopnippel;2,60 
01-245V-1.1/4"X1/2";EE verloopnippel;7,00 
01-245V-1.1/4"X3/4";EE verloopnippel;5,95 
01-245V-1.1/4"X1";EE verloopnippel;4,10 
01-245V-1.1/2"X1/2";EE verloopnippel;7,30 
01-245V-1.1/2"X3/4";EE verloopnippel;6,05 
01-245V-1.1/2"X1";EE verloopnippel;9,60 
01-245V-1.1/2"X1.1/4";EE verloopnippel;5,20 
01-245V-2"X1/2";EE verloopnippel;11,25 
01-245V-2"X3/4";EE verloopnippel;11,15 
01-245V-2"X1";EE verloopnippel;8,65 
01-245V-2"X1.1/4";EE verloopnippel;10,80 
01-245V-2"X1.1/2";EE verloopnippel;9,85 
01-245V-2.1/2"X1";EE verloopnippel;14,85 
01-245V-2.1/2"X1.1/4";EE verloopnippel;16,95 
01-245V-2.1/2"X1.1/2";EE verloopnippel;14,20 
01-245V-2.1/2"X2";EE verloopnippel;23,60 
01-245V-3"X2";EE verloopnippel;29,10 
01-245V-3"X2.1/2";EE verloopnippel;38,20 
01-246V-1/4"X1/8";sok nippel;2,45 
01-246V-3/8"X1/4";EE sok nippel;1,95 
01-246V-1/2"X1/4";EE sok nippel;2,60 
01-246V-1/2"X3/8";EE sok nippel;2,05 
01-246V-3/4"X3/8";EE sok nippel;3,50 
01-246V-3/4"X1/2";EE sok nippel;2,25 
01-246V-1"X1/2";EE sok nippel;3,45 
01-246V-1"X3/4";EE sok nippel;3,65 
01-246V-1.1/4"X3/4";EE sok nippel;6,50 
01-246V-1.1/4"X1";EE sok nippel;4,05 
01-246V-1.1/2"X1";EE sok nippel;7,80 
01-246V-1.1/2"X1.1/4";EE sok nippel;6,80 
01-246V-2"X1.1/4";EE sok nippel;11,00 
01-246V-2"X1.1/2";EE sok nippel;11,60 
01-270V-1/8";sok;1,85 
01-270V-1/4";EE sok;1,75 
01-270V-3/8";EE sok;1,50 
01-270V-1/2";EE sok;1,20 
01-270V-3/4";EE sok;1,70 
01-270V-1";EE sok;2,20 
01-270V-1.1/4";EE sok;3,50 
01-270V-1.1/2";EE sok;5,00 
01-270V-2";EE sok;7,45 
01-270V-2.1/2";EE sok;20,65 
01-270V-3";EE sok;24,80 
01-270V-4";EE sok;57,90 
01-271V-3/8";EE sok l-r;2,15 
01-271V-1/2";EE sok l-r;1,95 
01-271V-3/4";EE sok l-r;2,60 
01-271V-1";EE sok l-r;3,35 
01-271V-1.1/4";EE sok l-r;6,40 
01-271V-1.1/2";EE sok l-r;7,00 
01-271V-2";EE sok l-r;12,50 
01-271V-2.1/2";EE sok l-r;22,10 
01-271V-3";EE sok l-r;26,45 
01-280V-1/8";nippel;2,20 
01-280V-1/4";EE nippel;1,80 
01-280V-3/8";EE nippel;2,05 
01-280V-1/2";EE nippel;1,10 
01-280V-3/4";EE nippel;1,45 
01-280V-1";EE nippel;2,10 
01-280V-1.1/4";EE nippel;3,50 
01-280V-1.1/2";EE nippel;4,05 
01-280V-2";EE nippel;7,25 
01-280V-2.1/2";EE nippel;13,05 
01-280V-3";EE nippel;15,75 
01-280V-4";EE nippel;57,90 
01-281V-1/4";EE nippel l-r;6,20 
01-281V-3/8";EE nippel l-r;4,25 
01-281V-1/2";EE nippel l-r;2,05 
01-281V-3/4";EE nippel l-r;2,55 
01-281V-1";EE nippel l-r;4,30 
01-281V-1.1/4";EE nippel l-r;6,10 
01-281V-1.1/2";EE nippel l-r;7,25 
01-281V-2";EE nippel l-r;13,45 
01-290V-1/8";plug;1,35 
01-290V-1/4";EE plug;1,05 
01-290V-3/8";EE plug;0,85 
01-290V-1/2";EE plug;0,85 
01-290V-3/4";EE plug;1,15 
01-290V-1";EE plug;1,25 
01-290V-1.1/4";EE plug;2,40 
01-290V-1.1/2";EE plug;2,95 
01-290V-2";EE plug;5,30 
01-290V-2.1/2";EE plug;11,60 
01-290V-3";EE plug;14,90 
01-290V-4";EE plug;26,30 
01-291V-1/4";EE plug zonder rand;1,15 
01-291V-3/8";EE plug zonder rand;1,10 
01-291V-1/2";EE plug zonder rand;1,05 
01-291V-3/4";EE plug zonder rand;1,50 
01-291V-1";EE plug zonder rand;1,75 
01-291V-1.1/4";EE plug zonder rand;2,55 
01-291V-1.1/2";EE plug zonder rand;4,20 
01-291V-2";EE plug zonder rand;5,80 
01-291V-2.1/2";EE plug zonder rand;11,10 
01-291V-3";EE plug zonder rand;13,55 
01-291V-4";EE plug zonder rand;47,25 
01-300V-1/8";kap;2,45 
01-300V-1/4";EE kap;1,30 
01-300V-3/8";EE kap;1,25 
01-300V-1/2";EE kap;1,40 
01-300V-3/4";EE kap;1,70 
01-300V-1";EE kap;1,95 
01-300V-1.1/4";EE kap;2,95 
01-300V-1.1/2";EE kap;3,70 
01-300V-2";EE kap;7,00 
01-300V-2.1/2";EE kap;12,70 
01-300V-3";EE kap;13,85 
01-300V-4";EE kap;30,45 
01-301V-3/8";EE ronde kap;2,00 
01-301V-1/2";EE ronde kap;2,20 
01-301V-3/4";EE ronde kap;2,00 
01-301V-1";EE ronde kap;2,50 
01-301V-1.1/4";EE ronde kap;3,75 
01-301V-1.1/2";EE ronde kap;4,70 
01-301V-2";EE ronde kap;8,50 
01-310V-1/4";EE moer;1,25 
01-310V-3/8";EE moer;1,35 
01-310V-1/2";EE moer;1,10 
01-310V-3/4";EE moer;1,10 
01-310V-1";EE moer;1,60 
01-310V-1.1/4";EE moer;2,35 
01-310V-1.1/2";EE moer;2,65 
01-310V-2";EE moer;5,30 
01-310V-2.1/2";EE moer;11,90 
01-310V-3";EE moer;14,00 
01-310V-4";EE moer;18,65 
01-321V-3/8";EE flens met binnendraad;9,05 
01-321V-1/2";EE flens met binnendraad;6,25 
01-321V-3/4";EE flens met binnendraad;7,75 
01-321V-1";EE flens met binnendraad;8,95 
01-321V-1.1/4";EE flens met binnendraad;11,90 
01-321V-1.1/2";EE flens met binnendraad;14,45 
01-321V-2";EE flens met binnendraad;17,45 
01-321V-2.1/2";EE flens met binnendraad;28,65 
01-321V-3";EE flens met binnendraad;34,55 
01-321V-4";EE flens met binnendraad;60,30 
01-326V-3/4";EE ovale flens met binnendraad;12,80 
01-326V-1";EE ovale flens met binnendraad;12,85 
01-326V-1.1/4";EE ovale flens met binnendraad;16,30 
01-326V-1.1/2";EE ovale flens met binnendraad;17,85 
01-330V-3/8";EE koppeling vlak bi-bi;6,60 
01-330V-1/2";EE koppeling vlak bi-bi;4,45 
01-330V-3/4";EE koppeling vlak bi-bi;5,20 
01-330V-1";EE koppeling vlak bi-bi;5,90 
01-330V-1.1/4";EE koppeling vlak bi-bi;10,15 
01-330V-1.1/2";EE koppeling vlak bi-bi;13,15 
01-330V-2";EE koppeling vlak bi-bi;21,75 
01-330V-2.1/2";EE koppeling vlak bi-bi;49,85 
01-331V-3/8";EE koppeling vlak bi-bu;7,20 
01-331V-1/2";EE koppeling vlak bi-bu;5,25 
01-331V-3/4";EE koppeling vlak bi-bu;5,85 
01-331V-1";EE koppeling vlak bi-bu;7,00 
01-331V-1.1/4";EE koppeling vlak bi-bu;12,75 
01-331V-1.1/2";EE koppeling vlak bi-bu;15,40 
01-331V-2";EE koppeling vlak bi-bu;24,10 
01-331V-2.1/2";EE koppeling vlak bi-bu;56,05 
01-340V-3/8";EE koppeling bi-bi;7,20 
01-340V-1/2";EE koppeling bi-bi;7,00 
01-340V-3/4";EE koppeling bi-bi;6,25 
01-340V-1";EE koppeling bi-bi;7,25 
01-340V-1.1/4";EE koppeling bi-bi;12,45 
01-340V-1.1/2";EE koppeling bi-bi;14,60 
01-340V-2";EE koppeling bi-bi;24,00 
01-340V-2.1/2";EE koppeling bi-bi;52,80 
01-340V-3";EE koppeling bi-bi;73,65 
01-340V-4";EE koppeling bi-bi;148,75 
01-341V-3/8";EE koppeling bi-bu;6,50 
01-341V-1/2";EE koppeling bi-bu;5,40 
01-341V-3/4";EE koppeling bi-bu;6,50 
01-341V-1";EE koppeling bi-bu;8,10 
01-341V-1.1/4";EE koppeling bi-bu;12,85 
01-341V-1.1/2";EE koppeling bi-bu;16,50 
01-341V-2";EE koppeling bi-bu;26,30 
01-341V-2.1/2";EE koppeling bi-bu;57,65 
01-341V-3";EE koppeling bi-bu;90,10 
01-341V-4";EE koppeling bi-bu;165,25 
01-471V-3/8";muurplaat;12,00 
01-471V-1/2";EE muurplaat;6,90 
01-471V-3/4";EE muurplaat;13,25 
01-529V-3/8";EE verleng sok nippel;2,20 
01-529V-1/2";EE verleng sok nippel;2,25 
01-529V-3/4";EE verleng sok nippel;3,35 
01-529V-1";EE verleng sok nippel;5,20 
01-529V-1.1/4";EE verleng sok nippel;6,65 
